antecedents,consequents,antecedent support,consequent support,support,confidence,lift,representativity,leverage,conviction,zhangs_metric,jaccard,certainty,kulczynski
PersonalCare:napkins,Produce:other vegetables,0.0225,0.115,0.005,0.22222222222222224,1.9323671497584543,1.0,0.0024125,1.137857142857143,0.4936061381074169,0.03773584905660377,0.1211550533584432,0.13285024154589373
Drinks:coffee,Dairy:whole milk,0.030833333333333334,0.1675,0.009166666666666667,0.2972972972972973,1.7749092375958047,1.0,0.004002083333333333,1.1847115384615385,0.4504807316501212,0.04845814977973568,0.15591266942618295,0.17601183272825063
Produce:onions,Dairy:whole milk,0.021666666666666667,0.1675,0.005833333333333334,0.2692307692307692,1.6073478760045923,1.0,0.0022041666666666668,1.1392105263157895,0.3862253589681188,0.031818181818181815,0.12219912219912217,0.1520283199387677
