antecedents,consequents,antecedent support,consequent support,support,confidence,lift,representativity,leverage,conviction,zhangs_metric,jaccard,certainty,kulczynski
Eggs:domestic eggs,Dairy:whole milk,0.03879198125488154,0.16089560010413956,0.008591512626920072,0.22147651006711408,1.3765230989769985,1.0,0.0023500535236873734,1.0778151343489932,0.28457106274007665,0.044959128065395086,0.07219710678491627,0.13743728415977063
